{
  "Kilo": {
    "filename": "Kilo",
    "initial_block": "babeb65e-f3f1-4d8a-a096-2cd13ead5126",
    "in_recycle_bin": false,
    "total_chars": 9,
    "creation_date": "2025-10-21T17:01:09.962073",
    "modification_date": "2025-10-21T17:01:09.962073",
    "deletion_date": null,
    "owner": "admin",
    "is_binary": false,
    "is_large_file": false,
    "permissions": {
      "admin": [
        "read",
        "write"
      ],
      "Mario": [
        "read"
      ]
    }
  },
  "Lorena": {
    "filename": "Lorena",
    "initial_block": "955ea368-132c-446e-a23c-e896f695b976",
    "in_recycle_bin": false,
    "total_chars": 6,
    "creation_date": "2025-10-21T17:15:15.626226",
    "modification_date": "2025-10-21T17:15:15.626226",
    "deletion_date": null,
    "owner": "Mario",
    "is_binary": false,
    "is_large_file": false,
    "permissions": {
      "Mario": [
        "read",
        "write"
      ]
    }
  },
  "Receta": {
    "filename": "Receta",
    "initial_block": "a94ae7e6-8023-4b63-b1f3-5e55742e86c5",
    "in_recycle_bin": false,
    "total_chars": 22,
    "creation_date": "2025-10-21T17:57:03.460799",
    "modification_date": "2025-10-21T17:57:56.798881",
    "deletion_date": null,
    "owner": "admin",
    "is_binary": false,
    "is_large_file": false,
    "permissions": {
      "admin": [
        "read",
        "write"
      ]
    }
  },
  "blue-bmp-16-bit.bmp": {
    "filename": "blue-bmp-16-bit.bmp",
    "file_path": "data\\large_files\\blue-bmp-16-bit.bmp.bin",
    "in_recycle_bin": false,
    "total_chars": 786488,
    "creation_date": "2025-10-21T17:59:33.657885",
    "modification_date": "2025-10-21T17:59:33.657885",
    "deletion_date": null,
    "owner": "admin",
    "is_binary": true,
    "is_large_file": true,
    "permissions": {
      "admin": [
        "read",
        "write"
      ]
    }
  }
}